"drugbankid","smiles","id"
"DB00035","NC(=O)CC[C@@H]1NC(=O)[C@H](CC2=CC=CC=C2)NC(=O)[C@H](CC2=CC=C(O)C=C2)NC(=O)CCSSC[C@H](NC(=O)[C@H](CC(N)=O)NC1=O)C(=O)N1CCC[C@H]1C(=O)N[C@@H](CCCNC(N)=N)C(=O)NCC(N)=O",549
"DB00122","C[N+](C)(C)CCO",113
"DB00131","NC1=C2N=CN([C@@H]3O[C@H](COP(O)(O)=O)[C@@H](O)[C@H]3O)C2=NC=N1",524
"DB00140","CC1=C(C)C=C2N(C[C@H](O)[C@H](O)[C@H](O)CO)C3=NC(=O)NC(=O)C3=NC2=C1",325
"DB00142","N[C@@H](CCC(O)=O)C(O)=O",493
"DB00145","NCC(O)=O",490
"DB00154","CCCCC\C=C/C\C=C/C\C=C/CCCCCCC(O)=O",553
"DB00157","NC(=O)C1=CN(C=CC1)[C@@H]1O[C@H](CO[P@](O)(=O)O[P@](O)(=O)OC[C@H]2O[C@H]([C@H](O)[C@@H]2O)N2C=NC3=C(N)N=CN=C23)[C@@H](O)[C@H]1O",308
"DB00159","CC\C=C/C\C=C/C\C=C/C\C=C/C\C=C/CCCC(O)=O",566
"DB00178","[H][C@@]12CCC[C@]1([H])N([C@@H](C2)C(O)=O)C(=O)[C@H](C)N[C@@H](CCC1=CC=CC=C1)C(=O)OCC",394
"DB00180","[H][C@@]12C[C@@]3([H])[C@]4([H])C[C@H](F)C5=CC(=O)C=C[C@]5(C)[C@@]4([H])[C@@H](O)C[C@]3(C)[C@@]1(OC(C)(C)O2)C(=O)CO",460
"DB00182","CC(N)CC1=CC=CC=C1",205
"DB00183","CSCC[C@H](NC(=O)[C@H](CC1=CNC2=C1C=CC=C2)NC(=O)CCNC(=O)OC(C)(C)C)C(=O)N[C@@H](CC(O)=O)C(=O)N[C@@H](CC1=CC=CC=C1)C(N)=O",390
"DB00184","CN1CCC[C@H]1C1=CN=CC=C1",135
"DB00185","CC1O[C@@]2(CS1)CN1CCC2CC1",152
"DB00187","COC(=O)CCC1=CC=C(OCC(O)CNC(C)C)C=C1",270
"DB00191","CC(C)(N)CC1=CC=CC=C1",324
"DB00192","CC(C)NCCCC1(C(N)=O)C2=CC=CC=C2C2=CC=CC=C12",682
"DB00193","COC1=CC=CC(=C1)[C@@]1(O)CCCC[C@@H]1CN(C)C",91
"DB00201","CN1C=NC2=C1C(=O)N(C)C(=O)N2C",94
"DB00202","C[N+](C)(C)CCOC(=O)CCC(=O)OCC[N+](C)(C)C",189
"DB00203","CCCC1=NN(C)C2=C1NC(=NC2=O)C1=C(OCC)C=CC(=C1)S(=O)(=O)N1CCN(C)CC1",401
"DB00209","[H][C@]12CC[C@]([H])(C[C@@H](C1)OC(=O)C(O)(C1=CC=CC=C1)C1=CC=CC=C1)[N+]21CCCC1",196
"DB00211","COC1=CC(C(O)CNC(=O)CN)=C(OC)C=C1",224
"DB00212","[H][C@@](CC1=CC=CC=C1)(CS(=O)(=O)C(C)(C)C)C(O)=N[C@@]([H])(CC1=CN=CN1)C(O)=N[C@@]([H])(CC1CCCCC1)[C@@]([H])(O)[C@@]([H])(O)C1CC1",636
"DB00214","CC(C)NC(=O)NS(=O)(=O)C1=C(NC2=CC=CC(C)=C2)C=CN=C1",610
"DB00215","CN(C)CCCC1(OCC2=C1C=CC(=C2)C#N)C1=CC=C(F)C=C1",154
"DB00216","CN1CCC[C@@H]1CC1=CNC2=C1C=C(CCS(=O)(=O)C1=CC=CC=C1)C=C2",21
"DB00217","CN\C(NCC1=CC=CC=C1)=N/C",251
"DB00219","CC[N+](C)(CC)CCOC(=O)C(O)(C1CCCCC1)C1=CC=CC=C1",182
"DB00221","CCC(NC(C)C)C(O)C1=CC(O)=C(O)C=C1",272
"DB00223","[H][C@@]12C[C@H](C)[C@](O)(C(=O)CO)[C@@]1(C)C[C@H](O)[C@@]1(F)[C@@]2([H])C[C@H](F)C2=CC(=O)C=C[C@]12C",456
"DB00226","NC(N)=NCC1COC2(CCCCC2)O1",653
"DB00232","CN1C(CCl)NC2=CC(Cl)=C(C=C2S1(=O)=O)S(N)(=O)=O",357
"DB00233","NC1=CC(O)=C(C=C1)C(O)=O",621
"DB00234","[H][C@@](OC1=CC=CC=C1OCC)(C1=CC=CC=C1)[C@@]1([H])CNCCO1",661
"DB00235","CC1=C(C=C(C#N)C(=O)N1)C1=CC=NC=C1",519
"DB00240","[H][C@@]12C[C@@H](C)[C@](O)(C(=O)CO)[C@@]1(C)C[C@H](O)[C@@]1([H])[C@@]2([H])[C@H](Cl)CC2=CC(=O)C=C[C@]12C",444
"DB00243","COC1=CC=CC=C1OCC(O)CN1CCN(CC(=O)NC2=C(C)C=CC=C2C)CC1",691
"DB00244","NC1=CC(C(O)=O)=C(O)C=C1",579
"DB00245","[H][C@]12CC[C@]([H])(C[C@@]([H])(C1)OC(C1=CC=CC=C1)C1=CC=CC=C1)N2C",148
"DB00246","ClC1=C(CCN2CCN(CC2)C2=NSC3=CC=CC=C23)C=C2CC(=O)NC2=C1",57
"DB00247","[H][C@@]12CC3=CN(C)C4=C3C(=CC=C4)C1=C[C@H](CN2C)C(=O)NC(CC)CO",31
"DB00248","[H][C@@]12CC3=CNC4=CC=CC(=C34)[C@@]1([H])C[C@H](CN2CC=C)C(=O)N(CCCN(C)C)C(=O)NCC",13
"DB00250","NC1=CC=C(C=C1)S(=O)(=O)C1=CC=C(N)C=C1",548
"DB00252","O=C1NC(=O)C(N1)(C1=CC=CC=C1)C1=CC=CC=C1",669
"DB00253","[H][C@@]12CC[C@H](C(C)=O)[C@@]1(C)C[C@H](O)[C@@]1([H])[C@@]2([H])C[C@H](C)C2=CC(=O)CC[C@]12C",472
"DB00261","ClC1=CC=C2N=C3NC(=O)CN3CC2=C1Cl",514
"DB00264","COCCC1=CC=C(OCC(O)CNC(C)C)C=C1",274
"DB00268","CCCN(CCC)CCC1=C2CC(=O)NC2=CC=C1",48
"DB00270","COC(=O)C1=C(C)NC(C)=C(C1C1=CC=CC2=NON=C12)C(=O)OC(C)C",339
"DB00273","[H][C@@]12CO[C@@]3(COS(N)(=O)=O)OC(C)(C)O[C@@]3([H])[C@]1([H])OC(C)(C)O2",361
"DB00277","CN1C2=C(NC=N2)C(=O)N(C)C1=O",105
"DB00280","CC(C)N(CCC(C(N)=O)(C1=CC=CC=C1)C1=NC=CC=C1)C(C)C",163
"DB00281","CCN(CC)CC(=O)NC1=C(C)C=CC=C1C",683
"DB00285","COC1=CC=C(C=C1)C(CN(C)C)C1(O)CCCCC1",664
"DB00288","[H][C@@]12C[C@@]3([H])[C@]4([H])CCC5=CC(=O)C=C[C@]5(C)[C@@]4(F)[C@@H](O)C[C@]3(C)[C@@]1(OC1(CCCC1)O2)C(=O)COC(C)=O",445
"DB00289","CNCC[C@@H](OC1=CC=CC=C1C)C1=CC=CC=C1",487
"DB00292","CCOC(=O)C1=CN=CN1[C@H](C)C1=CC=CC=C1",261
"DB00296","CCCN1CCCC[C@H]1C(=O)NC1=C(C)C=CC=C1C",701
"DB00297","CCCCN1CCCCC1C(=O)NC1=C(C)C=CC=C1C",696
"DB00298","CC1=CC=CC=C1N1CCN(CCC2=NN=C3CCCCN23)CC1",210
"DB00308","CCCCCCCN(CC)CCCC(O)C1=CC=C(NS(C)(=O)=O)C=C1",338
"DB00310","NS(=O)(=O)C1=C(Cl)C=CC(=C1)C1(O)NC(=O)C2=CC=CC=C12",641
"DB00312","CCCC(C)C1(CC)C(=O)NC(=O)NC1=O",495
"DB00313","CCCC(CCC)C(O)=O",613
"DB00315","CN(C)CCC1=CNC2=CC=C(C[C@H]3COC(=O)N3)C=C12",58
"DB00316","CC(=O)NC1=CC=C(O)C=C1",537
"DB00320","[H][C@@]12CCCN1C(=O)[C@H](CC1=CC=CC=C1)N1C(=O)[C@](C)(NC(=O)[C@H]3CN(C)[C@]4([H])CC5=CNC6=CC=CC(=C56)[C@@]4([H])C3)O[C@@]21O",85
"DB00321","CN(C)CCC=C1C2=CC=CC=C2CCC2=CC=CC=C12",4
"DB00324","[H][C@@]12CC[C@](O)(C(C)=O)[C@@]1(C)C[C@H](O)[C@@]1(F)[C@@]2([H])C[C@H](C)C2=CC(=O)C=C[C@]12C",463
"DB00327","[H][C@@]12OC3=C(O)C=CC4=C3[C@@]11CCN(C)[C@]([H])(C4)[C@]1([H])CCC2=O",563
"DB00328","COC1=CC2=C(C=C1)N(C(=O)C1=CC=C(Cl)C=C1)C(C)=C2CC(O)=O",569
"DB00332","[Br-].[H][C@]12CC[C@]([H])(C[C@@H](C1)OC(=O)C(CO)C1=CC=CC=C1)[N@+]2(C)C(C)C",172
"DB00334","CN1CCN(CC1)C1=NC2=CC=CC=C2NC2=C1C=C(C)S2",37
"DB00335","CC(C)NCC(O)COC1=CC=C(CC(N)=O)C=C1",265
"DB00340","CN1CCCC(CC2C3=CC=CC=C3SC3=CC=CC=C23)C1",176
"DB00342","CC(C)(C)C1=CC=C(C=C1)C(O)CCCN1CCC(CC1)C(O)(C1=CC=CC=C1)C1=CC=CC=C1",190
"DB00344","CNCCCC1C2=CC=CC=C2C=CC2=CC=CC=C12",660
"DB00346","COC1=C(OC)C=C2C(N)=NC(=NC2=C1)N(C)CCCNC(=O)C1CCCO1",204
"DB00350","NC1=CC(=NC(N)=[N+]1[O-])N1CCCCC1",581
"DB00351","[H][C@@]12CC[C@](OC(C)=O)(C(C)=O)[C@@]1(C)CC[C@@]1([H])[C@@]2([H])C=C(C)C2=CC(=O)CC[C@]12C",473
"DB00353","[H][C@@]12CC3=CNC4=CC=CC(=C34)C1=C[C@H](CN2C)C(=O)N[C@@H](CC)CO",413
"DB00354","CC(C)(C)C1=CC=C(CN2CCN(CC2)C(C2=CC=CC=C2)C2=CC=C(Cl)C=C2)C=C1",151
"DB00358","OC(C1CCCCN1)C1=CC(=NC2=C1C=CC=C2C(F)(F)F)C(F)(F)F",109
"DB00360","[H][C@@]1(CNC2=C(N1)C(=O)NC(N)=N2)[C@@H](O)[C@H](C)O",634
"DB00363","CN1CCN(CC1)C1=NC2=CC(Cl)=CC=C2NC2=CC=CC=C12",17
"DB00366","CN(C)CCOC(C)(C1=CC=CC=C1)C1=CC=CC=N1",164
"DB00368","NC[C@H](O)C1=CC(O)=C(O)C=C1",227
"DB00370","CN1CCN2C(C1)C1=CC=CC=C1CC1=C2N=CC=C1",75
"DB00372","CCSC1=CC2=C(SC3=CC=CC=C3N2CCCN2CCN(C)CC2)C=C1",415
"DB00376","OC(CCN1CCCCC1)(C1CCCCC1)C1=CC=CC=C1",194
"DB00379","CC(N)COC1=C(C)C=CC=C1C",684
"DB00381","CCOC(=O)C1=C(COCCN)NC(C)=C(C1C1=CC=CC=C1Cl)C(=O)OC",334
"DB00382","NC1=C2CCCCC2=NC2=CC=CC=C12",398
"DB00383","CN1CCCN=C1COC(=O)C(O)(C1CCCCC1)C1=CC=CC=C1",181
"DB00387","OC(CCN1CCCC1)(C1CCCCC1)C1=CC=CC=C1",185
"DB00388","CNC[C@H](O)C1=CC(O)=CC=C1",232
"DB00391","CCN1CCCC1CNC(=O)C1=C(OC)C=CC(=C1)S(N)(=O)=O",397
"DB00392","CCN(CC)C(C)CN1C2=CC=CC=C2SC2=CC=CC=C12",166
"DB00393","COCCOC(=O)C1=C(C)NC(C)=C(C1C1=CC(=CC=C1)[N+]([O-])=O)C(=O)OC(C)C",343
"DB00394","[H][C@@]12C[C@H](C)[C@](OC(=O)CC)(C(=O)COC(=O)CC)[C@@]1(C)C[C@H](O)[C@@]1(Cl)[C@@]2([H])CCC2=CC(=O)C=C[C@]12C",446
"DB00397","C[C@@H](N)[C@@H](O)C1=CC=CC=C1",233
"DB00401","COC(=O)C1=C(C)NC(C)=C(C1C1=CC=CC=C1[N+]([O-])=O)C(=O)OCC(C)C",344
"DB00402","CN1CCN(CC1)C(=O)O[C@@H]1N(C(=O)C2=NC=CN=C12)C1=NC=C(Cl)C=C1",555
"DB00408","CN1CCN(CC1)C1=NC2=CC=CC=C2OC2=C1C=C(Cl)C=C2",29
"DB00409","CCN1CCC[C@H]1CNC(=O)C1=C(OC)C=CC(Br)=C1OC",80
"DB00412","CN(CCOC1=CC=C(CC2SC(=O)NC2=O)C=C1)C1=CC=CC=N1",599
"DB00413","CCCN[C@H]1CCC2=C(C1)SC(N)=N2",44
"DB00416","[I-].[I-].[H][C@@]12CC3=CC=C(OC4=C5C(CC[N+](C)(C)[C@]5([H])CC5=CC(OC6=C(OC)C=C(CC[N+]1(C)C)C2=C6)=C(OC)C=C5)=CC(OC)=C4OC)C=C3",133
"DB00418","CCCC(C)C1(CC=C)C(=O)NC(=O)NC1=O",498
"DB00420","CN(C)CCCN1C2=CC=CC=C2SC2=CC=CC=C12",77
"DB00421","[H][C@@]12CC[C@@]3(CCC(=O)O3)[C@@]1(C)CC[C@@]1([H])[C@@]2([H])[C@@]([H])(CC2=CC(=O)CC[C@]12C)SC(C)=O",346
"DB00422","COC(=O)C(C1CCCCN1)C1=CC=CC=C1",658
"DB00423","COC1=CC=CC=C1OCC(O)COC(N)=O",356
"DB00424","CN1[C@H]2CC[C@@H]1C[C@@H](C2)OC(=O)[C@H](CO)C1=CC=CC=C1",171
"DB00425","CN(C)C(=O)CC1=C(N=C2C=CC(C)=CN12)C1=CC=C(C)C=C1",618
"DB00433","CN1CCN(CCCN2C3=CC=CC=C3SC3=C2C=C(Cl)C=C3)CC1",431
"DB00434","CN1CCC(CC1)=C1C2=CC=CC=C2C=CC2=CC=CC=C12",65
"DB00436","NS(=O)(=O)C1=CC2=C(NC(CC3=CC=CC=C3)NS2(=O)=O)C=C1C(F)(F)F",351
"DB00443","[H][C@@]12C[C@H](C)[C@](O)(C(=O)CO)[C@@]1(C)C[C@H](O)[C@@]1(F)[C@@]2([H])CCC2=CC(=O)C=C[C@]12C",447
"DB00450","FC1=CC=C(C=C1)C(=O)CCCN1CCC(=CC1)N1C(=O)NC2=CC=CC=C12",214
"DB00454","CCOC(=O)C1(CCN(C)CC1)C1=CC=CC=C1",183
"DB00457","COC1=C(OC)C=C2C(N)=NC(=NC2=C1)N1CCN(CC1)C(=O)C1=CC=CO1",234
"DB00458","CN(C)CCCN1C2=CC=CC=C2CCC2=CC=CC=C12",26
"DB00461","COC1=CC2=C(C=C1)C=C(CCC(C)=O)C=C2",583
"DB00462","[Br-].[H][C@]12C[C@@H](C[C@@]([H])(C3OC13)[N+]2(C)C)OC(=O)[C@H](CO)C1=CC=CC=C1",175
"DB00465","OC(=O)C1CCN2C1=CC=C2C(=O)C1=CC=CC=C1",572
"DB00469","CN1C(C(=O)NC2=CC=CC=N2)=C(O)C2=C(C=CS2)S1(=O)=O",605
"DB00470","[H][C@@]12C=C(C)CC[C@@]1([H])C(C)(C)OC1=C2C(O)=CC(CCCCC)=C1",554
"DB00471","OC(=O)CC1(CC1)CS[C@H](CCC1=CC=CC=C1C(O)(C)C)C1=CC=CC(\C=C\C2=NC3=C(C=CC(Cl)=C3)C=C2)=C1",582
"DB00473","CC(CNC1CCCCC1)OC(=O)C1=CC=CC=C1",681
"DB00476","CNCC[C@H](OC1=CC=CC2=CC=CC=C12)C1=CC=CS1",651
"DB00477","CN(C)CCCN1C2=CC=CC=C2SC2=C1C=C(Cl)C=C2",15
"DB00480","NC1=CC=CC2=C1CN(C1CCC(=O)NC1=O)C2=O",628
"DB00482","CC1=CC=C(C=C1)C1=CC(=NN1C1=CC=C(C=C1)S(N)(=O)=O)C(F)(F)F",623
"DB00483","[I-].[I-].[I-].CC[N+](CC)(CC)CCOC1=CC=CC(OCC[N+](CC)(CC)CC)=C1OCC[N+](CC)(CC)CC",119
"DB00489","CC(C)NCC(O)C1=CC=C(NS(C)(=O)=O)C=C1",281
"DB00490","O=C1CC2(CCCC2)CC(=O)N1CCCCN1CCN(CC1)C1=NC=CC=N1",12
"DB00496","NC(=O)C([C@@H]1CCN(CCC2=CC3=C(OCC3)C=C2)C1)(C1=CC=CC=C1)C1=CC=CC=C1",160
"DB00500","CN1C(CC(O)=O)=CC=C1C(=O)C1=CC=C(C)C=C1",609
"DB00502","OC1(CCN(CCCC(=O)C2=CC=C(F)C=C2)CC1)C1=CC=C(Cl)C=C1",70
"DB00505","CC[N+](CC)(CC)CCC(O)(C1CCCCC1)C1=CC=CC=C1",193
"DB00508","CN(C)CCCN1C2=CC=CC=C2SC2=C1C=C(C=C2)C(F)(F)F",86
"DB00514","[H][C@]12CC3=C(C=C(OC)C=C3)[C@@]3(CCCC[C@]13[H])CCN2C",128
"DB00515","N[Pt](N)(Cl)Cl",373
"DB00517","[Br-].CCCC(CCC)C(=O)O[C@H]1CC2CCC(C1)[N+]2(C)C",145
"DB00527","CCCCOC1=NC2=CC=CC=C2C(=C1)C(=O)NCCN(CC)CC",372
"DB00533","CS(=O)(=O)C1=CC=C(C=C1)C1=C(C(=O)OC1)C1=CC=CC=C1",598
"DB00534","COC(CNC(N)=O)C[Hg]Cl",640
"DB00540","CNCCC=C1C2=CC=CC=C2CCC2=CC=CC=C12",36
"DB00543","ClC1=CC2=C(OC3=CC=CC=C3N=C2N2CCNCC2)C=C1",5
"DB00545","CN(C)C(=O)OC1=C[N+](C)=CC=C1",122
"DB00547","[H][C@@]12C[C@@H](C)[C@H](C(=O)CO)[C@@]1(C)C[C@H](O)[C@@]1(F)[C@@]2([H])CCC2=CC(=O)C=C[C@]12C",454
"DB00549","COC1=C(CC2=CN(C)C3=C2C=C(NC(=O)OC2CCCC2)C=C3)C=CC(=C1)C(=O)NS(=O)(=O)C1=CC=CC=C1C",615
"DB00554","CN1C(C(=O)NC2=NC=CC=C2)=C(O)C2=C(C=CC=C2)S1(=O)=O",595
"DB00555","NC1=NC(N)=C(N=N1)C1=C(Cl)C(Cl)=CC=C1",670
"DB00559","COC1=CC=CC=C1OC1=C(NS(=O)(=O)C2=CC=C(C=C2)C(C)(C)C)N=C(N=C1OCCO)C1=NC=CC=N1",438
"DB00562","NS(=O)(=O)C1=C(Cl)C=C2NC(CSCC3=CC=CC=C3)=NS(=O)(=O)C2=C1",348
"DB00564","NC(=O)N1C2=CC=CC=C2C=CC2=CC=CC=C12",677
"DB00565","[O-]S(=O)(=O)C1=CC=CC=C1.[O-]S(=O)(=O)C1=CC=CC=C1.COC1=C(OC)C=C(C[C@@H]2C3=CC(OC)=C(OC)C=C3CC[N@+]2(C)CCC(=O)OCCCCCOC(=O)CC[N@@+]2(C)CCC3=CC(OC)=C(OC)C=C3[C@H]2CC2=CC(OC)=C(OC)C=C2)C=C1",127
"DB00568","C(C=CC1=CC=CC=C1)N1CCN(CC1)C(C1=CC=CC=C1)C1=CC=CC=C1",153
"DB00571","CC(C)NCC(O)COC1=CC=CC2=CC=CC=C12",45
"DB00572","CN1[C@H]2CC[C@@H]1C[C@@H](C2)OC(=O)C(CO)C1=CC=CC=C1",147
"DB00573","CC(C(O)=O)C1=CC(OC2=CC=CC=C2)=CC=C1",558
"DB00575","ClC1=CC=CC(Cl)=C1NC1=NCCN1",209
"DB00579","OC1(N2CCN=C2C2=CC=CC=C12)C1=CC=C(Cl)C=C1",657
"DB00582","C[C@@H](C1=NC=NC=C1F)[C@](O)(CN1C=NC=N1)C1=C(F)C=C(F)C=C1",614
"DB00585","CNC(NCCSCC1=CSC(CN(C)C)=N1)=C[N+]([O-])=O",387
"DB00586","OC(=O)CC1=CC=CC=C1NC1=C(Cl)C=CC=C1Cl",551
"DB00588","[H][C@@]12C[C@@H](C)[C@](OC(=O)CC)(C(=O)SCF)[C@@]1(C)C[C@H](O)[C@@]1(F)[C@@]2([H])C[C@H](F)C2=CC(=O)C=C[C@]12C",467
"DB00589","[H][C@@]12CC3=CNC4=CC=CC(=C34)C1=C[C@@H](CN2C)NC(=O)N(CC)CC",28
"DB00590","COC1=C(OC)C=C2C(N)=NC(=NC2=C1)N1CCN(CC1)C(=O)C1COC2=CC=CC=C2O1",212
"DB00591","[H][C@@]12C[C@@]3([H])[C@]4([H])C[C@]([H])(F)C5=CC(=O)C=C[C@]5(C)[C@@]4(F)[C@@H](O)C[C@]3(C)[C@@]1(OC(C)(C)O2)C(=O)CO",461
"DB00596","[H][C@@]12C[C@H](C)[C@](O)(C(=O)CCl)[C@@]1(C)C[C@H](O)[C@@]1(F)[C@@]2([H])C[C@H](F)C2=CC(=O)C=C[C@]12C",468
"DB00598","CC(CCC1=CC=CC=C1)NCC(O)C1=CC(C(N)=O)=C(O)C=C1",219
"DB00601","CC(=O)NC[C@H]1CN(C(=O)O1)C1=CC(F)=C(C=C1)N1CCOCC1",318
"DB00604","CO[C@H]1CN(CCCOC2=CC=C(F)C=C2)CC[C@H]1NC(=O)C1=CC(Cl)=C(N)C=C1OC",62
"DB00605","CC1=C(CC(O)=O)C2=CC(F)=CC=C2\C1=C/C1=CC=C(C=C1)S(C)=O",311
"DB00606","NS(=O)(=O)C1=C(Cl)C=C2NC(NS(=O)(=O)C2=C1)C1CC2CC1C=C2",353
"DB00610","C[C@H](N)[C@H](O)C1=CC(O)=CC=C1",222
"DB00612","CC(C)NCC(O)COC1=CC=C(COCCOC(C)C)C=C1",266
"DB00614","[O-][N+](=O)C1=CC=C(O1)C=NN1CCOC1=O",316
"DB00619","CN1CCN(CC2=CC=C(C=C2)C(=O)NC2=CC(NC3=NC=CC(=N3)C3=CN=CC=C3)=C(C)C=C2)CC1",568
"DB00620","[H][C@@]12C[C@@H](O)[C@](O)(C(=O)CO)[C@@]1(C)C[C@H](O)[C@@]1(F)[C@@]2([H])CCC2=CC(=O)C=C[C@]12C",399
"DB00622","COC(=O)C1=C(C)NC(C)=C(C1C1=CC(=CC=C1)[N+]([O-])=O)C(=O)OCCN(C)CC1=CC=CC=C1",179
"DB00623","OCCN1CCN(CCCN2C3=CC=CC=C3SC3=C2C=C(C=C3)C(F)(F)F)CC1",410
"DB00624","[H][C@@]12CC[C@H](O)[C@@]1(C)CC[C@@]1([H])[C@@]2([H])CCC2=CC(=O)CC[C@]12C",329
"DB00629","NC(N)=NN=CC1=C(Cl)C=CC=C1Cl",255
"DB00633","C[C@H](C1=CNC=N1)C1=C(C)C(C)=CC=C1",252
"DB00635","[H][C@@]12CC[C@](O)(C(=O)CO)[C@@]1(C)CC(=O)[C@@]1([H])[C@@]2([H])CCC2=CC(=O)C=C[C@]12C",406
"DB00640","NC1=C2N=CN([C@@H]3O[C@H](CO)[C@@H](O)[C@H]3O)C2=NC=N1",92
"DB00645","CCCCOC1=CC=C(C=C1)C(=O)CCN1CCCCC1",697
"DB00651","CN1C2=C(N(CC(O)CO)C=N2)C(=O)N(C)C1=O",96
"DB00653","[Mg++].[O-]S([O-])(=O)=O",340
"DB00656","ClC1=CC=CC(=C1)N1CCN(CCCN2N=C3C=CC=CN3C2=O)CC1",52
"DB00657","CNC1(C)C2CCC(C2)C1(C)C",131
"DB00659","CC(=O)NCCCS(O)(=O)=O",485
"DB00661","COC1=C(OC)C=C(CCN(C)CCCC(C#N)(C(C)C)C2=CC(OC)=C(OC)C=C2)C=C1",347
"DB00663","[H][C@@]12C[C@@H](C)[C@](O)(C(=O)CO)[C@@]1(C)C[C@H](O)[C@@]1(F)[C@@]2([H])C[C@H](F)C2=CC(=O)C=C[C@]12C",459
"DB00669","CNS(=O)(=O)CC1=CC2=C(NC=C2CCN(C)C)C=C1",50
"DB00670","CN1CCN(CC(=O)N2C3=CC=CC=C3C(=O)NC3=C2N=CC=C3)CC1",184
"DB00672","CCCNC(=O)NS(=O)(=O)C1=CC=C(Cl)C=C1",547
"DB00674","[H][C@]12C[C@@H](O)C=C[C@]11CCN(C)CC3=C1C(O2)=C(OC)C=C3",118
"DB00679","CSC1=CC2=C(SC3=CC=CC=C3N2CCC2CCCCN2C)C=C1",82
"DB00680","CCOC(=O)NC1=CC2=C(SC3=CC=CC=C3N2C(=O)CCN2CCOCC2)C=C1",685
"DB00687","[H][C@@]12CC[C@](O)(C(=O)CO)[C@@]1(C)C[C@H](O)[C@@]1(F)[C@@]2([H])CCC2=CC(=O)CC[C@]12C",458
"DB00692","CC1=CC=C(C=C1)N(CC1=NCCN1)C1=CC(O)=CC=C1",231
"DB00695","NS(=O)(=O)C1=C(Cl)C=C(NCC2=CC=CO2)C(=C1)C(O)=O",360
"DB00696","[H][C@@]12CCCN1C(=O)[C@H](CC1=CC=CC=C1)N1C(=O)[C@](C)(NC(=O)[C@H]3CN(C)[C@]4([H])CC5=CNC6=CC=CC(=C56)C4=C3)O[C@@]21O",23
"DB00697","ClC1=C(NC2=NCCN2)C2=NSN=C2C=C1",260
"DB00699","[H][C@@]12CC3=CN(C)C4=CC=CC(=C34)[C@]1(C[C@@H](COC(=O)C1=CC(Br)=CN=C1)CN2C)OC",226
"DB00706","CCOC1=CC=CC=C1OCCN[C@H](C)CC1=CC(=C(OC)C=C1)S(N)(=O)=O",237
"DB00711","CCN(CC)C(=O)N1CCN(C)CC1",374
"DB00712","CC(C(O)=O)C1=CC(F)=C(C=C1)C1=CC=CC=C1",560
"DB00714","[H][C@]12CC3=C(C(O)=C(O)C=C3)C3=CC=CC(CCN1C)=C23",6
"DB00715","FC1=CC=C(C=C1)[C@@H]1CCNC[C@H]1COC1=CC2=C(OCO2)C=C1",76
"DB00720","OP(O)(=O)C(Cl)(Cl)P(O)(O)=O",624
"DB00721","CCN(CC)CCOC(=O)C1=CC=C(N)C=C1",138
"DB00723","COC1=CC(C(O)C(C)N)=C(OC)C=C1",223
"DB00725","[Br-].C[N+]1(C)C2CCC1CC(C2)OC(=O)C(O)C1=CC=CC=C1",170
"DB00726","CC(CN(C)C)CN1C2=CC=CC=C2CCC2=CC=CC=C12",53
"DB00728","[H][C@@]12C[C@@H]([C@H](OC(C)=O)[C@@]1(C)CC[C@@]1([H])[C@@]2([H])CC[C@@]2([H])C[C@H](O)[C@H](C[C@]12C)N1CCOCC1)[N+]1(CC=C)CCCC1",139
"DB00729","COS([O-])(=O)=O.C[N+]1(C)CCC(CC1)=C(C1=CC=CC=C1)C1=CC=CC=C1",201
"DB00731","[H][C@](CC1=CC=CC=C1)(N=C(O)[C@@]1([H])CC[C@@]([H])(CC1)C(C)C)C(O)=O",585
"DB00732","[O-]S(=O)(=O)C1=CC=CC=C1.[O-]S(=O)(=O)C1=CC=CC=C1.COC1=CC2=C(C=C1OC)C(CC1=CC(OC)=C(OC)C=C1)[N+](C)(CCC(=O)OCCCCCOC(=O)CC[N+]1(C)CCC3=C(C=C(OC)C(OC)=C3)C1CC1=CC(OC)=C(OC)C=C1)CC2",125
"DB00733","C[N+]1=C(\C=N\O)C=CC=C1",121
"DB00734","CC1=C(CCN2CCC(CC2)C2=NOC3=C2C=CC(F)=C3)C(=O)N2CCCCC2=N1",47
"DB00740","NC1=NC2=C(S1)C=C(OC(F)(F)F)C=C2",692
"DB00741","[H][C@@]12CC[C@](O)(C(=O)CO)[C@@]1(C)C[C@H](O)[C@@]1([H])[C@@]2([H])CCC2=CC(=O)CC[C@]12C",470
"DB00744","CC(N(O)C(N)=O)C1=CC2=CC=CC=C2S1",617
"DB00745","NC(=O)CS(=O)C(C1=CC=CC=C1)C1=CC=CC=C1",249
"DB00747","CN1[C@H]2C[C@@H](C[C@@H]1[C@H]1O[C@@H]21)OC(=O)[C@H](CO)C1=CC=CC=C1",187
"DB00749","CCC1=C2NC3=C(CCOC3(CC)CC(O)=O)C2=CC=C1",556
"DB00750","CCCNC(C)C(=O)NC1=CC=CC=C1C",687
"DB00751","NC1=NCC2N1C1=CC=CC=C1CC1=CC=CC=C21",67
"DB00752","NC1CC1C1=CC=CC=C1",330
"DB00754","CCN1C(=O)NC(C1=O)C1=CC=CC=C1",679
"DB00761","[Cl-].[K+]",644
"DB00762","CCC1=C2CN3C(=CC4=C(COC(=O)[C@]4(O)CC)C3=O)C2=NC2=C1C=C(OC(=O)N1CCC(CC1)N1CCCCC1)C=C2",383
"DB00764","[H][C@@]12C[C@@H](C)[C@](O)(C(=O)CCl)[C@@]1(C)C[C@H](O)[C@@]1(Cl)[C@@]2([H])CCC2=CC(=O)C=C[C@]12C",476
"DB00767","CCN(CC)C(=O)C1CN2CCC3=CC(OC)=C(OC)C=C3C2CC1OC(C)=O",149
"DB00769","[H][C@@]12CC[C@](O)(C(=O)COC(=O)CN(CC)CC)[C@@]1(C)C[C@H](O)[C@@]1([H])[C@@]2([H])CCC2=CC(=O)CC[C@]12C",469
"DB00770","CCCCC[C@H](O)C=C[C@H]1[C@H](O)CC(=O)[C@@H]1CCCCCCC(O)=O",527
"DB00771","C[N@@+]12CC[C@@H](CC1)C(C2)OC(=O)C(O)(C1=CC=CC=C1)C1=CC=CC=C1",155
"DB00772","CCOC(=O)CC(SP(=S)(OC)OC)C(=O)OCC",384
"DB00773","[H][C@]12COC(=O)[C@]1([H])[C@H](C1=CC(OC)=C(O)C(OC)=C1)C1=CC3=C(OCO3)C=C1[C@H]2O[C@@H]1O[C@]2([H])CO[C@@H](C)O[C@@]2([H])[C@H](O)[C@H]1O",557
"DB00774","NS(=O)(=O)C1=CC2=C(NCNS2(=O)=O)C=C1C(F)(F)F",350
"DB00776","NC(=O)N1C2=CC=CC=C2CC(=O)C2=CC=CC=C12",686
"DB00777","CCC(=O)C1=CC2=C(SC3=CC=CC=C3N2CC(C)N(C)C)C=C1",79
"DB00780","NNCCC1=CC=CC=C1",323
"DB00782","CC(C)[N+](C)(CCOC(=O)C1C2=CC=CC=C2OC2=CC=CC=C12)C(C)C",186
"DB00784","CC1=C(C)C(NC2=CC=CC=C2C(O)=O)=CC=C1",577
"DB00788","COC1=CC2=C(C=C1)C=C(C=C2)[C@H](C)C(O)=O",584
"DB00790","[H][C@]12C[C@H](N(C(=O)[C@H](C)N[C@@H](CCC)C(=O)OCC)[C@@]1([H])CCCC2)C(O)=O",391
"DB00795","OC(=O)C1=CC(=CC=C1O)\N=N\C1=CC=C(C=C1)S(=O)(=O)NC1=NC=CC=C1",603
"DB00796","CCOC1=NC2=C(N1CC1=CC=C(C=C1)C1=CC=CC=C1C1=NN=NN1)C(=CC=C2)C(=O)OC(C)OC(=O)OC1CCCCC1",545
"DB00797","C(C1=NCCN1)C1=CC=CC=C1",240
"DB00800","OC1=CC=C(C=C1)C1CNCCC2=C(Cl)C(O)=C(O)C=C12",217
"DB00804","CCN(CC)CCOC(=O)C1(CCCCC1)C1CCCCC1",161
"DB00805","CC1=CC(=NN=C1NCCN1CCOCC1)C1=CC=CC=C1",74
"DB00806","CN1C=NC2=C1C(=O)N(CCCCC(C)=O)C(=O)N2C",102
"DB00807","CCCOC1=C(N)C=C(C=C1)C(=O)OCCN(CC)CC",700
"DB00809","CCN(CC1=CC=NC=C1)C(=O)C(CO)C1=CC=CC=C1",195
"DB00810","OC(CCN1CCCCC1)(C1CC2CC1C=C2)C1=CC=CC=C1",126
"DB00812","CCCCC1C(=O)N(N(C1=O)C1=CC=CC=C1)C1=CC=CC=C1",593
"DB00814","CN1C(C(=O)NC2=NC=C(C)S2)=C(O)C2=C(C=CC=C2)S1(=O)=O",578
"DB00816","CC(C)NCC(O)C1=CC(O)=CC(O)=C1",287
"DB00818","CC(C)C1=CC=CC(C(C)C)=C1O",671
"DB00820","[H][C@]12CC3=C(NC4=CC=CC=C34)[C@H](N1C(=O)CN(C)C2=O)C1=CC2=C(OCO2)C=C1",511
"DB00821","CC(C(O)=O)C1=CC2=C(C=C1)C1=C(N2)C=CC(Cl)=C1",546
"DB00824","CCCN1C2=C(NC=N2)C(=O)NC1=O",97
"DB00829","CN1C2=C(C=C(Cl)C=C2)C(=NCC1=O)C1=CC=CC=C1",550
"DB00830","CC1NCCOC1C1=CC=CC=C1",659
"DB00831","CN1CCN(CCCN2C3=CC=CC=C3SC3=C2C=C(C=C3)C(F)(F)F)CC1",241
"DB00834","[H][C@@]12CC[C@@](O)(C#CC)[C@@]1(C)C[C@H](C1=CC=C(C=C1)N(C)C)C1=C3CCC(=O)C=C3CC[C@@]21[H]",475
"DB00835","CN(C)CCC(C1=CC=C(Br)C=C1)C1=CC=CC=N1",150
"DB00838","[H][C@@]12C[C@@H](C)[C@H](C(=O)CO)[C@@]1(C)C[C@H](O)[C@@]1(Cl)[C@@]2([H])C[C@H](F)C2=CC(=O)C=C[C@]12C",451
"DB00841","CC(CCC1=CC=C(O)C=C1)NCCC1=CC(O)=C(O)C=C1",269
"DB00843","COC1=C(OC)C=C2C(=O)C(CC3CCN(CC4=CC=CC=C4)CC3)CC2=C1",66
"DB00846","[H][C@@]12C[C@@]3([H])[C@]4([H])C[C@]([H])(F)C5=CC(=O)CC[C@]5(C)[C@@]4([H])[C@@H](O)C[C@]3(C)[C@@]1(OC(C)(C)O2)C(=O)CO",465
"DB00850","OCCN1CCN(CCCN2C3=CC=CC=C3SC3=C2C=C(Cl)C=C3)CC1",414
"DB00852","CN[C@@H](C)[C@@H](O)C1=CC=CC=C1",235
"DB00856","OCC(O)COC1=CC=C(Cl)C=C1",371
"DB00857","CN(C\C=C\C#CC(C)(C)C)CC1=CC=CC2=CC=CC=C12",606
"DB00860","[H][C@@]12CC[C@](O)(C(=O)CO)[C@@]1(C)C[C@H](O)[C@@]1([H])[C@@]2([H])CCC2=CC(=O)C=C[C@]12C",479
"DB00861","OC(=O)C1=C(O)C=CC(=C1)C1=C(F)C=C(F)C=C1",552
"DB00862","CCCC1=NC(C)=C2N1NC(=NC2=O)C1=C(OCC)C=CC(=C1)S(=O)(=O)N1CCN(CC)CC1",402
"DB00865","C[C@@H](CC1=CC=CC=C1)N(C)CC1=CC=CC=C1",206
"DB00866","CC(C)NCC(O)COC1=CC=CC=C1CC=C",2
"DB00867","C[C@H](NCCC1=CC=C(O)C=C1)[C@H](O)C1=CC=C(O)C=C1",289
"DB00868","CCCCNC1=CC=C(C=C1)C(=O)OCCOCCOCCOCCOCCOCCOCCOCCOCCOC",676
"DB00870","CC(C(O)=O)C1=CC=C(C=C1)C(=O)C1=CC=CS1",604
"DB00871","CC(C)(C)NCC(O)C1=CC(O)=CC(O)=C1",291
"DB00873","[H][C@@]12CC[C@](O)(C(=O)OCCl)[C@@]1(C)C[C@H](O)[C@@]1([H])[C@@]2([H])CCC2=CC(=O)C=C[C@]12C",471
"DB00875","[H]\C(CCN1CCN(CCO)CC1)=C1/C2=CC=CC=C2SC2=C1C=C(C=C2)C(F)(F)F",68
"DB00880","NS(=O)(=O)C1=C(Cl)C=C2NC=NS(=O)(=O)C2=C1",352
"DB00884","OC(CC1=CN=CC=C1)(P(O)(O)=O)P(O)(O)=O",633
"DB00887","CCCCNC1=C(OC2=CC=CC=C2)C(=CC(=C1)C(O)=O)S(N)(=O)=O",622
"DB00892","CCCCOC1=C(N)C=CC(=C1)C(=O)OCCN(CC)CC",388
"DB00896","[H][C@@]12C[C@@H](C)[C@](C)(C(=O)CC)[C@@]1(C)C[C@H](O)[C@@]1([H])[C@@]2([H])CCC2=CC(=O)C=C[C@]12C",480
"DB00898","CCO",130
"DB00903","CCC(=C)C(=O)C1=C(Cl)C(Cl)=C(OCC(O)=O)C=C1",642
"DB00904","CN1C2=C(C3=CC=CC=C13)C(=O)C(CN1C=CN=C1C)CC2",38
"DB00907","[H][C@]12CC[C@]([H])([C@H]([C@H](C1)OC(=O)C1=CC=CC=C1)C(=O)OC)N2C",156
"DB00908","[H][C@@]12CCN(C[C@@H]1C=C)[C@]([H])(C2)[C@@H](O)C1=C2C=C(OC)C=CC2=NC=C1",689
"DB00909","NS(=O)(=O)CC1=NOC2=CC=CC=C12",331
"DB00915","NC12CC3CC(CC(C3)C1)C2",417
"DB00917","CCCCC[C@H](O)\C=C\[C@H]1[C@H](O)CC(=O)[C@@H]1C\C=C/CCCC(O)=O",528
"DB00918","CN(C)CCC1=CNC2=C1C=C(CS(=O)(=O)N1CCCC1)C=C2",313
"DB00920","CN1CCC(CC1)=C1C2=C(SC=C2)C(=O)CC2=CC=CC=C12",522
"DB00922","C[C@@H]1CC(=O)NN=C1C1=CC=C(NN=C(C#N)C#N)C=C1",518
"DB00924","CN(C)CCC=C1C2=CC=CC=C2C=CC2=CC=CC=C12",64
"DB00925","CC(COC1=CC=CC=C1)N(CCCl)CC1=CC=CC=C1",230
"DB00929","CCCCC(C)(O)C\C=C\[C@H]1[C@H](O)CC(=O)[C@@H]1CCCCCCC(=O)OC",529
"DB00933","CN1CCCCC1CCN1C2=CC=CC=C2SC2=C1C=C(C=C2)S(C)=O",72
"DB00934","CNCCCC12CCC(C3=CC=CC=C13)C1=CC=CC=C21",71
"DB00935","CC1=CC(=C(O)C(C)=C1CC1=NCCN1)C(C)(C)C",228
"DB00936","OC(=O)C1=CC=CC=C1O",600
"DB00937","CCN(CC)C(C)C(=O)C1=CC=CC=C1",650
"DB00938","OCC1=C(O)C=CC(=C1)C(O)CNCCCCCCOCCCCC1=CC=CC=C1",290
"DB00939","CC1=C(Cl)C(NC2=CC=CC=C2C(O)=O)=C(Cl)C=C1",576
"DB00940","CC[N+](C)(CC)CCOC(=O)C1C2=CC=CC=C2OC2=CC=CC=C12",174
"DB00941","C[N+](C)(CCCCCC[N+](C)(C)C1C2=C(C=CC=C2)C2=C1C=CC=C2)C1C2=C(C=CC=C2)C2=C1C=CC=C2",382
"DB00942","OC(CCN1CCCCC1)(C1CCCC1)C1=CC=CC=C1",159
"DB00945","CC(=O)OC1=CC=CC=C1C(O)=O",435
"DB00949","NC(=O)OCC(COC(N)=O)C1=CC=CC=C1",488
"DB00952","CNS(=O)(=O)CCC1=CC2=C(NC=C2C2CCN(C)CC2)C=C1",34
"DB00953","CN(C)CCC1=CNC2=C1C=C(CN1C=NC=N1)C=C2",326
"DB00959","[H][C@@]12CC[C@](O)(C(=O)CO)[C@@]1(C)C[C@H](O)[C@@]1([H])[C@@]2([H])C[C@H](C)C2=CC(=O)C=C[C@]12C",474
"DB00960","CC(C)NCC(O)COC1=CC=CC2=C1C=CN2",42
"DB00961","CN1CCCCC1C(=O)NC1=C(C)C=CC=C1C",699
"DB00963","NC1=C(CC(O)=O)C=CC=C1C(=O)C1=CC=C(Br)C=C1",544
"DB00968","C[C@](N)(CC1=CC=C(O)C(O)=C1)C(O)=O",259
"DB00975","OCCN(CCO)C1=NC2=C(N=C(N=C2N2CCCCC2)N(CCO)CCO)C(=N1)N1CCCCC1",507
"DB00979","CN(C)CCOC(=O)C(C1=CC=CC=C1)C1(O)CCCC1",158
"DB00983","COC1=CC=C(CC(C)NCC(O)C2=CC(NC=O)=C(O)C=C2)C=C1",284
"DB00986","[H][C@@]1(CC[N+](C)(C)C1)OC(=O)[C@@](O)(C1CCCC1)C1=CC=CC=C1",169
"DB00988","NCCC1=CC(O)=C(O)C=C1",19
"DB00989","CCN(C)C(=O)OC1=CC=CC(=C1)[C@H](C)N(C)C",123
"DB00991","OC(=O)CCC1=NC(=C(O1)C1=CC=CC=C1)C1=CC=CC=C1",590
"DB00996","NCC1(CC(O)=O)CCCCC1",98
"DB00999","NS(=O)(=O)C1=C(Cl)C=C2NCNS(=O)(=O)C2=C1",349
"DB01001","CC(C)(C)NCC(O)C1=CC(CO)=C(O)C=C1",280
"DB01002","CCCCN1CCCC[C@H]1C(=O)NC1=C(C)C=CC=C1C",698
"DB01009","CC(C(O)=O)C1=CC(=CC=C1)C(=O)C1=CC=CC=C1",571
"DB01010","CC[N+](C)(C)C1=CC(O)=CC=C1",116
"DB01013","[H][C@@]12C[C@H](C)[C@](OC(=O)CC)(C(=O)CCl)[C@@]1(C)C[C@H](O)[C@@]1(F)[C@@]2([H])CCC2=CC(=O)C=C[C@]12C",450
"DB01014","OC(=O)CCNC(=O)C1=CC=C(C=C1)\N=N\C1=CC=C(O)C(=C1)C(O)=O",542
"DB01015","CC1=CC(NS(=O)(=O)C2=CC=C(N)C=C2)=NO1",602
"DB01017","[H][C@@]12CC3=C(C(O)=CC=C3N(C)C)C(=O)C1=C(O)[C@]1(O)C(=O)C(C(N)=O)=C(O)[C@@H](N(C)C)[C@]1([H])C2",708
"DB01018","NC(=N)NC(=O)CC1=C(Cl)C=CC=C1Cl",256
"DB01019","CC(C[N+](C)(C)C)OC(N)=O",198
"DB01021","NS(=O)(=O)C1=C(Cl)C=C2NC(NS(=O)(=O)C2=C1)C(Cl)Cl",359
"DB01023","CCOC(=O)C1=C(C)NC(C)=C(C1C1=C(Cl)C(Cl)=CC=C1)C(=O)OC",337
"DB01029","CCCCC1=NC2(CCCC2)C(=O)N1CC1=CC=C(C=C1)C1=CC=CC=C1C1=NNN=N1",570
"DB01031","NC(=O)OC1(CCCCC1)C#C",355
"DB01035","CCN(CC)CCNC(=O)C1=CC=C(N)C=C1",393
"DB01036","CC(C)N(CC[C@H](C1=CC=CC=C1)C1=C(O)C=CC(C)=C1)C(C)C",192
"DB01037","C[C@H](CC1=CC=CC=C1)N(C)CC#C",327
"DB01038","CCC(=O)C1=CC=C2SC3=C(C=CC=C3)N(CCCN3CCN(CCO)CC3)C2=C1",409
"DB01041","O=C1N(C2CCC(=O)NC2=O)C(=O)C2=CC=CC=C12",607
"DB01043","CC12CC3CC(C)(C1)CC(N)(C3)C2",428
"DB01047","[H][C@@]12C[C@@]3([H])[C@]4([H])C[C@]([H])(F)C5=CC(=O)C=C[C@]5(C)[C@@]4(F)[C@@H](O)C[C@]3(C)[C@@]1(OC(C)(C)O2)C(=O)COC(C)=O",462
"DB01050","CC(C)CC1=CC=C(C=C1)C(C)C(O)=O",565
"DB01054","CCOC(=O)C1=C(C)NC(C)=C(C1C1=CC(=CC=C1)[N+]([O-])=O)C(=O)OC",345
"DB01056","CC(N)C(=O)NC1=C(C)C=CC=C1C",693
"DB01062","CCN(CC)CC#CCOC(=O)C(O)(C1CCCCC1)C1=CC=CC=C1",180
"DB01063","CC(=O)C1=CC=C2SC3=C(C=CC=C3)N(CCCN3CCN(CCO)CC3)C2=C1",408
"DB01064","CC(C)NCC(O)C1=CC(O)=C(O)C=C1",273
"DB01069","CC(CN1C2=CC=CC=C2SC2=CC=CC=C12)N(C)C",78
"DB01075","CN(C)CCOC(C1=CC=CC=C1)C1=CC=CC=C1",200
"DB01086","CCOC(=O)C1=CC=C(N)C=C1",695
"DB01088","[H][C@]12C[C@@H](O)[C@H](\C=C\[C@@H](O)C(C)CC#CC)[C@@]1([H])C\C(C2)=C\CCCC(O)=O",521
"DB01100","FC1=CC=C(C=C1)C(CCCN1CCC(CC1)N1C(=O)NC2=CC=CC=C12)C1=CC=C(F)C=C1",430
"DB01102","O[C@@H](CNCCCCC1=CC=C(O)C=C1)C1=CC(O)=C(O)C=C1",264
"DB01104","CN[C@H]1CC[C@@H](C2=CC(Cl)=C(Cl)C=C2)C2=CC=CC=C12",328
"DB01105","CC(C)CC(N(C)C)C1(CCC1)C1=CC=C(Cl)C=C1",662
"DB01110","ClC1=CC(Cl)=C(COC(CN2C=CN=C2)C2=C(Cl)C=C(Cl)C=C2)C=C1",483
"DB01113","COC1=C(OC)C=C(CC2=NC=CC3=CC(OC)=C(OC)C=C23)C=C1",508
"DB01114","CN(C)CCC(C1=CC=C(Cl)C=C1)C1=CC=CC=N1",646
"DB01115","COC(=O)C1=C(C)NC(C)=C(C1C1=CC=CC=C1[N+]([O-])=O)C(=O)OC",341
"DB01116","O=C1N(CC2=CC=CC=C2)C2C[S+]3CCCC3C2N1CC1=CC=CC=C1",400
"DB01118","CCCCC1=C(C(=O)C2=CC(I)=C(OCCN(CC)CC)C(I)=C2)C2=CC=CC=C2O1",263
"DB01119","CC1=NS(=O)(=O)C2=C(N1)C=CC(Cl)=C2",354
"DB01120","CC1=CC=C(C=C1)S(=O)(=O)NC(=O)NN1CC2CCCC2C1",707
"DB01121","NC(=O)NC(=O)CC1=CC=CC=C1",667
"DB01122","CC[N+](CC)(CCNC(=O)C(=O)NCC[N+](CC)(CC)CC1=CC=CC=C1Cl)CC1=CC=CC=C1Cl",112
"DB01130","[H][C@@]12CC[C@](OC(=O)OCC)(C(=O)COC(=O)CC)[C@@]1(C)C[C@H](O)[C@@]1([H])[C@@]2([H])CCC2=CC(=O)C=C[C@]12C",478
"DB01132","CCC1=CN=C(CCOC2=CC=C(CC3SC(=O)NC3=O)C=C2)C=C1",594
"DB01135","[Cl-].[Cl-].COC1=CC(C[C@@H]2C3=C(OC)C(OC)=C(OC)C=C3CC[N@@+]2(C)CCCOC(=O)CCC(=O)OCCC[N@@+]2(C)CCC3=C([C@@H]2CC2=CC(OC)=C(OC)C(OC)=C2)C(OC)=C(OC)C(OC)=C3)=CC(OC)=C1OC",129
"DB01136","COC1=CC=CC=C1OCCNCC(O)COC1=CC=CC2=C1C1=CC=CC=C1N2",208
"DB01142","[H]C(CCN(C)C)=C1C2=CC=CC=C2COC2=CC=CC=C12",20
"DB01148","CC1=C(OC2=C(C=CC=C2C(=O)OCCN2CCCCC2)C1=O)C1=CC=CC=C1",168
"DB01149","CCC1=NN(CCCN2CCN(CC2)C2=CC(Cl)=CC=C2)C(=O)N1CCOC1=CC=CC=C1",35
"DB01151","CNCCCN1C2=CC=CC=C2CCC2=CC=CC=C12",18
"DB01156","CC(NC(C)(C)C)C(=O)C1=CC(Cl)=CC=C1",645
"DB01159","FC(F)(F)C(Cl)Br",491
"DB01160","OCC(N)(CO)CO.CCCCC[C@H](O)\C=C\[C@H]1[C@H](O)C[C@H](O)[C@@H]1C\C=C/CCCC(O)=O",530
"DB01161","CCN(CC)CCOC(=O)C1=C(Cl)C=C(N)C=C1",370
"DB01162","COC1=C(OC)C=C2C(N)=NC(=NC2=C1)N1CCN(CC1)C(=O)C1CCCO1",238
"DB01166","O=C1CCC2=C(N1)C=CC(OCCCCC1=NN=NN1C1CCCCC1)=C2",515
"DB01170","NC(N)=NCCN1CCCCCCC1",654
"DB01171","ClC1=CC=C(C=C1)C(=O)NCCN1CCOCC1",319
"DB01173","CN(C)CCOC(C1=CC=CC=C1)C1=CC=CC=C1C",501
"DB01174","CCC1(C(=O)NC(=O)NC1=O)C1=CC=CC=C1",496
"DB01175","CN(C)CCC[C@]1(OCC2=C1C=CC(=C2)C#N)C1=CC=C(F)C=C1",165
"DB01181","ClCCNP1(=O)OCCCN1CCCl",567
"DB01182","CCCNCC(O)COC1=CC=CC=C1C(=O)CCC1=CC=CC=C1",688
"DB01184","ClC1=CC2=C(C=C1)N(C1CCN(CCCN3C(=O)NC4=CC=CC=C34)CC1)C(=O)N2",425
"DB01185","[H][C@@]12CC[C@](C)(O)[C@@]1(C)C[C@H](O)[C@@]1(F)[C@@]2([H])CCC2=CC(=O)CC[C@]12C",464
"DB01186","[H][C@@]12CC3=CNC4=CC=CC(=C34)[C@@]1([H])C[C@@H](CSC)CN2CCC",41
"DB01191","CCN[C@@H](C)CC1=CC=CC(=C1)C(F)(F)F",89
"DB01193","CCCC(=O)NC1=CC(C(C)=O)=C(OCC(O)CNC(C)C)C=C1",262
"DB01195","FC(F)(F)COC1=CC(C(=O)NCC2CCCCN2)=C(OCC(F)(F)F)C=C1",673
"DB01198","CN1CCN(CC1)C(=O)OC1N(C(=O)C2=NC=CN=C12)C1=NC=C(Cl)C=C1",619
"DB01199","[H][C@@]12CC3=CC=C(OC4=C5C(CC[N+](C)(C)[C@]5([H])CC5=CC(OC6=C(OC)C=C(CCN1C)C2=C6)=C(O)C=C5)=CC(OC)=C4O)C=C3",124
"DB01200","[H][C@@]12CCCN1C(=O)[C@H](CC(C)C)N1C(=O)[C@](NC(=O)[C@H]3CN(C)[C@]4([H])CC5=C(Br)NC6=CC=CC(=C56)C4=C3)(O[C@@]21O)C(C)C",11
"DB01203","CC(C)(C)NCC(O)COC1=CC=CC2=C1C[C@H](O)[C@H](O)C2",275
"DB01221","CNC1(CCCCC1=O)C1=CC=CC=C1Cl",27
"DB01222","[H][C@@]12C[C@H]3OC(CCC)O[C@@]3(C(=O)CO)[C@@]1(C)C[C@H](O)[C@@]1([H])[C@@]2([H])CCC2=CC(=O)C=C[C@]12C",448
"DB01223","NCCN.CN1C2=C(NC=N2)C(=O)N(C)C1=O.CN1C2=C(NC=N2)C(=O)N(C)C1=O",93
"DB01224","OCCOCCN1CCN(CC1)C1=NC2=CC=CC=C2SC2=CC=CC=C12",46
"DB01226","COC1=CC(C[C@@H]2C3=CC(OC)=C(OC)C=C3CC[N+]2(C)CCCOC(=O)CC\C=C\CCC(=O)OCCC[N+]2(C)CCC3=CC(OC)=C(OC)C=C3[C@H]2CC2=CC(OC)=C(OC)C(OC)=C2)=CC(OC)=C1OC",134
"DB01228","COC1=CC=C(C=C1)C(=O)NC1=CC=CC=C1CCC1CCCCN1C",678
"DB01231","OC(CCCN1CCCCC1)(C1=CC=CC=C1)C1=CC=CC=C1",162
"DB01233","CCN(CC)CCNC(=O)C1=CC(Cl)=C(N)C=C1OC",177
"DB01234","[H][C@@]12C[C@@H](C)[C@](O)(C(=O)CO)[C@@]1(C)C[C@H](O)[C@@]1(F)[C@@]2([H])CCC2=CC(=O)C=C[C@]12C",455
"DB01235","N[C@@H](CC1=CC(O)=C(O)C=C1)C(O)=O",412
"DB01238","ClC1=CC=CC(N2CCN(CCCCOC3=CC4=C(CCC(=O)N4)C=C3)CC2)=C1Cl",7
"DB01239","[H]C(CCN(C)C)=C1C2=CC(Cl)=CC=C2SC2=C1C=CC=C2",61
"DB01242","CN(C)CCCN1C2=CC=CC=C2CCC2=C1C=C(Cl)C=C2",63
"DB01244","CC(C)COCC(CN(CC1=CC=CC=C1)C1=CC=CC=C1)N1CCCC1",512
"DB01245","C[N+](C)(C)CCCCCCCCCC[N+](C)(C)C",114
"DB01247","CC1=CC(=NO1)C(=O)NNCC1=CC=CC=C1",317
"DB01253","[H][C@@]12CC3=CNC4=CC=CC(=C34)C1=C[C@H](CN2C)C(=O)N[C@@H](C)CO",216
"DB01255","C[C@@H](CC1=CC=CC=C1)NC(=O)[C@@H](N)CCCCN",248
"DB01260","[H][C@@]12C[C@@]3([H])[C@]4([H])CCC5=CC(=O)C=C[C@]5(C)[C@@]4([H])[C@@H](O)C[C@]3(C)[C@@]1(OC(C)(C)O2)C(=O)CO",453
"DB01267","CC1=C(CCN2CCC(CC2)C2=NOC3=C2C=CC(F)=C3)C(=O)N2CCCC(O)C2=N1",39
"DB01274","COC1=CC=C(C[C@@H](C)NC[C@H](O)C2=CC(NC=O)=C(O)C=C2)C=C1",282
"DB01283","CC1=CC=C(NC2=C(Cl)C=CC=C2F)C(CC(O)=O)=C1",574
"DB01288","CC(CC1=CC=C(O)C=C1)NCC(O)C1=CC(O)=CC(O)=C1",271
"DB01291","CC(C)(C)NCC(O)C1=NC(CO)=C(O)C=C1",278
"DB01295","COC1=C(OC)C=C(CCNCC(O)COC2=CC=CC(C)=C2)C=C1",207
"DB01297","CC(C)NCC(O)COC1=CC=C(NC(C)=O)C=C1",279
"DB01303","C[N+](C)(C)CCO.CN1C2=C([N-]C=N2)C(=O)N(C)C1=O",101
"DB01320","OP(O)(=O)OCN1C(=O)NC(C1=O)(C1=CC=CC=C1)C1=CC=CC=C1",680
"DB01325","CCC1NC(=O)C2=CC(=C(Cl)C=C2N1)S(N)(=O)=O",358
"DB01336","[H][C@@]12CC3=CC=C(OC4=C5C(CC[N+](C)(C)[C@]5([H])CC5=CC(OC6=C(OC)C=C(CC[N+]1(C)C)C2=C6)=C(OC)C=C5)=CC(OC)=C4OC)C=C3",132
"DB01337","[H][C@@]12C[C@@H]([C@H](OC(C)=O)[C@@]1(C)CC[C@@]1([H])[C@@]2([H])CC[C@@]2([H])C[C@H](OC(C)=O)[C@H](C[C@]12C)[N+]1(C)CCCCC1)[N+]1(C)CCCCC1",136
"DB01338","[H][C@@]12C[C@@H]([C@H](OC(C)=O)[C@@]1(C)CC[C@@]1([H])[C@@]2([H])CC[C@@]2([H])C[C@H](OC(C)=O)[C@H](C[C@]12C)N1CC[N+](C)(C)CC1)N1CC[N+](C)(C)CC1",137
"DB01339","[H][C@@]12C[C@@H]([C@H](OC(C)=O)[C@@]1(C)CC[C@@]1([H])[C@@]2([H])CC[C@@]2([H])C[C@H](OC(C)=O)[C@H](C[C@]12C)N1CCCCC1)[N+]1(C)CCCCC1",141
"DB01346","CCC1(C(=O)NC(=O)NC1=O)C1=CC=CC=C1.COC1=CC2=C(C=CN=C2C=C1)C(O)C1CC2CCN1CC2C=C",690
"DB01355","CN1C(=O)NC(=O)C(C)(C1=O)C1=CCCCC1",562
"DB01359","CC(C)(C)NC[C@H](O)COC1=CC=CC=C1C1CCCC1",40
"DB01364","CN[C@@H](C)[C@H](O)C1=CC=CC=C1",117
"DB01365","CNC(C)(C)CC1=CC=CC=C1",221
"DB01366","CC[C@H](NC(C)C)[C@H](O)C1=C2C=CC(=O)NC2=C(O)C=C1",288
"DB01380","[H][C@@]12CC[C@](O)(C(=O)COC(C)=O)[C@@]1(C)CC(=O)[C@@]1([H])[C@@]2([H])CCC2=CC(=O)CC[C@]12C",452
"DB01384","[H][C@@]12C[C@@H](C)[C@](O)(C(=O)CO)[C@@]1(C)C[C@H](O)[C@@]1([H])[C@@]2([H])C[C@]([H])(F)C2=CC(=O)C=C[C@]12C",477
"DB01392","[H][C@@]12CC[C@H](O)[C@H](C(=O)OC)[C@@]1([H])C[C@]1([H])N(CCC3=C1NC1=CC=CC=C31)C2",56
"DB01395","[H][C@@]12C[C@]1([H])[C@@]1([H])[C@]3([H])[C@]4([H])C[C@]4([H])[C@@]4(CCC(=O)O4)[C@@]3(C)CC[C@]1([H])[C@@]1(C)CCC(=O)C=C21",377
"DB01397","[Mg++].OC1=CC=CC=C1C([O-])=O.OC1=CC=CC=C1C([O-])=O",575
"DB01399","OC(=O)C1=CC=CC=C1OC(=O)C1=CC=CC=C1O",601
"DB01400","CN(C)C(=O)OC1=CC(=CC=C1)[N+](C)(C)C",120
"DB01401","[Mg++].C[N+](C)(C)CCO.OC1=CC=CC=C1C([O-])=O.OC1=CC=CC=C1C([O-])=O.OC1=CC=CC=C1C([O-])=O",612
"DB01403","COC1=CC2=C(SC3=C(C=CC=C3)N2C[C@H](C)CN(C)C)C=C1",73
"DB01407","CC(C)(C)NCC(O)C1=CC(Cl)=C(N)C(Cl)=C1",268
"DB01408","CN(C)C(=O)OC1=CC(=CC(OC(=O)N(C)C)=C1)C(O)CNC(C)(C)C",283
"DB01409","[H][C@]12O[C@@]1([H])[C@]1([H])C[C@@]([H])(C[C@@]2([H])[N+]1(C)C)OC(=O)C(O)(C1=CC=CS1)C1=CC=CS1",191
"DB01410","[H][C@@]12C[C@@]3([H])[C@]4([H])CCC5=CC(=O)C=C[C@]5(C)[C@@]4([H])[C@@H](O)C[C@]3(C)[C@@]1(O[C@@H](O2)C1CCCCC1)C(=O)COC(=O)C(C)C",449
"DB01412","CN1C=NC2=C1C(=O)NC(=O)N2C",104
"DB01419","FC(F)(F)C1=CC(=CC=C1)N1CCN(CCOC(=O)C2=CC=CC=C2NC2=C3C=CC(=CC3=NC=C2)C(F)(F)F)CC1",540
"DB01425","COC1=CC2=NNN=C2C=C1C(=O)NCC1CCCN1CC=C",416
"DB01426","CC[C@H]1[C@@H]2C[C@H]3[C@@H]4N(C)C5=CC=CC=C5[C@]44C[C@@H](C2[C@H]4O)N3[C@@H]1O",674
"DB01427","NC1=CC(=CNC1=O)C1=CC=NC=C1",513
"DB01429","CCN(CC)CCCN(C1CC2=CC=CC=C2C1)C1=CC=CC=C1",675
"DB01435","CN1N(C(=O)C=C1C)C1=CC=CC=C1",539
"DB01438","NC1=NC(N)=C(C=C1)\N=N\C1=CC=CC=C1",668
"DB01472","COC1=CC=C(CC(C)N)C=C1",243
"DB01520","C1CCN(CC1)C1(CCCCC1)C1=CC=CS1",499
"DB01525","[H][C@]12CC[C@]([H])([C@H]([C@@H](O)C1)C(O)=O)N2C",378
"DB01549","C1CCN(C1)C1(CCCCC1)C1=CC=CC=C1",432
"DB01569","[H][C@@]12CC[C@](C)(O)[C@@]1(C)C[C@@H](O)[C@@]1([H])[C@@]2([H])CCC2=CC(=O)C(C=O)=C[C@]12C",407
"DB01576","C[C@H](N)CC1=CC=CC=C1",211
"DB01577","CN[C@@H](C)CC1=CC=CC=C1",258
"DB01579","C[C@H]1[C@@H](OCCN1C)C1=CC=CC=C1",229
"DB01580","CC(C)NCC(O)COC1=CC=CC=C1OCC=C",277
"DB01591","O=C(O[C@H]1CN2CCC1CC2)N1CCC2=CC=CC=C2[C@@H]1C1=CC=CC=C1",188
"DB01595","[O-][N+](=O)C1=CC2=C(NC(=O)CN=C2C2=CC=CC=C2)C=C1",665
"DB01600","CC(C(O)=O)C1=CC=C(S1)C(=O)C1=CC=CC=C1",608
"DB01608","OC1CCN(CCCN2C3=CC=CC=C3SC3=C2C=C(C=C3)C#N)CC1",250
"DB01614","CN(C)CCCN1C2=CC=CC=C2SC2=C1C=C(C=C2)C(C)=O",1
"DB01616","CCN(CCCC1=CC=CC=C1)CCCC1=CC=CC=C1",3
"DB01618","CCC1=C(C)NC2=C1C(=O)C(CN1CCOCC1)CC2",33
"DB01621","CN(C)S(=O)(=O)C1=CC2=C(SC3=CC=CC=C3N2CCCN2CCC(CCO)CC2)C=C1",43
"DB01622","CN(C)S(=O)(=O)C1=CC2=C(SC3=CC=CC=C3N2CCCN2CCN(C)CC2)C=C1",51
"DB01623","CN(C)S(=O)(=O)C1=CC2=C(SC3=CC=CC=C3\C2=C\CCN2CCN(C)CC2)C=C1",83
"DB01624","OCCN1CCN(CC\C=C2\C3=CC=CC=C3SC3=C2C=C(Cl)C=C3)CC1",84
"DB01625","CC(C)[N+](C)(CCC(C(N)=O)(C1=CC=CC=C1)C1=CC=CC=C1)C(C)C",202
"DB01626","CN(CC#C)CC1=CC=CC=C1",322
"DB01628","CC1=NC=C(C=C1)C1=C(C=C(Cl)C=N1)C1=CC=C(C=C1)S(C)(=O)=O",626
"DB01656","FC(F)OC1=C(OCC2CC2)C=C(C=C1)C(=O)NC1=C(Cl)C=NC=C1Cl",523
"DB01689","CC1=CC=CC=C1CC(=O)NC1=CC(C)=C(C(C)=C1)S(=O)(=O)NCC(O)=O",306
"DB01708","[H][C@@]12CCC(=O)[C@@]1(C)CC[C@@]1([H])[C@@]2([H])CC=C2C[C@@]([H])(O)CC[C@]12C",497
"DB01837","CC(=O)OC[C@H](N)C(O)=O",589
"DB01892","CC(C)C(=O)[C@@]12C(O)=C(CC=C(C)C)C(=O)[C@@](CC=C(C)C)(C[C@H](CC=C(C)C)[C@@]1(C)CCC=C(C)C)C2=O",564
"DB02007","O[C@H]1O[C@H](COP(O)(O)=O)[C@@H](O)[C@H](O)[C@H]1O",298
"DB02020","OC(=O)CN1C(=O)C2=CC=CC3=CC=CC(C1=O)=C23",299
"DB02021","[H][C@]1(C[C@]2(N=C(O)N=C2O)C2=C(O1)C=CC(F)=C2)C(O)=N",302
"DB02110","CC1=C(CCC(O)=O)C2=CC3=C(CCC(O)=O)C(C)=C4C=C5N6C(=CC7=C(C=C)C(C)=C8C=C1N2[Co]6(N34)N78)C(C)=C5C=C",596
"DB02198","OC(=O)CBr",535
"DB02266","OC(=O)C1=CC=CC=C1NC1=CC(=CC=C1)C(F)(F)F",559
"DB02329","[H][C@@]1(CC[C@@]2(C)[C@@]([H])(CC[C@]3(C)[C@]2([H])C(=O)C=C2[C@]4([H])C[C@](C)(CC[C@]4(C)CC[C@@]32C)C(O)=O)C1(C)C)OC(=O)CCC(O)=O",404
"DB02379","OC[C@H]1O[C@@H](O)[C@H](O)[C@@H](O)[C@@H]1O",543
"DB02383","COC1=C(C2=CC=CC(C(=S)N(C)CC(O)=O)=C2C=C1)C(F)(F)F",312
"DB02518","C[C@H](NC(C)=O)C(O)=O",307
"DB02709","OC1=CC=C(\C=C\C2=CC(O)=CC(O)=C2)C=C1",597
"DB02712","FC1=CC=C2OCC[C@]3(NC(=O)NC3=O)C2=C1",310
"DB02773","CCCOC1=CC=C(CC(O)=O)C=C1Cl",531
"DB02811","CCOP(=O)OCC",375
"DB02834","OC(=O)COC1=CC(F)=CC=C1C(=O)NCC1=NC2=C(S1)C(F)=CC(F)=C2F",304
"DB02845","CP(O)=O",385
"DB02925","NS(=O)(=O)C1=CC(=CC(N2CCCC2)=C1OC1=CC=CC=C1)C(O)=O",643
"DB02994","C[As](C)(O)=O",303
"DB03088","OC(=O)[C@@H]1CCC(=O)N1",709
"DB03128","CC(=O)OCC[N+](C)(C)C",111
"DB03147","CC1=CC2=C(C=C1C)N(C[C@H](O)[C@H](O)[C@H](O)CO[P@](O)(=O)O[P@@](O)(=O)OC[C@H]1O[C@H]([C@H](O)[C@@H]1O)N1C=NC3=C1N=CN=C3N)C1=NC(=O)NC(=O)C1=N2",315
"DB03461","[H][C@]1(COP([O-])(=O)OP(O)(=O)OC[C@@]2([H])O[C@@]([H])([N+]3=CC=CC(=C3)C(O)=N)[C@]([H])(O)[C@]2([H])O)O[C@@]([H])(N2C=NC3=C(N)N=CN=C23)[C@]([H])(OP(O)(O)=O)[C@]1([H])O",295
"DB03568","CCCC(O)=O",368
"DB03667","CC(=O)ONC(=O)C1=C(O)C=CC=C1",538
"DB03672","C(NC1=C2C=CC=CC2=NC2=C1CCCC2)C1=CC=CC=C1",367
"DB03752","[H][C@@](C)(C(O)=O)C1=CC=C(C=C1)C(=O)C1=CC=C(I)S1",591
"DB03753","COC(=O)[C@@H](C)C1=CC=C(C(F)=C1)C1=CC=CC=C1",561
"DB03754","NC(CO)(CO)CO",711
"DB03783","CCOC1=CC=C(NC(C)=O)C=C1",592
"DB03814","[O-]S(=O)(=O)CC[NH+]1CCOCC1",366
"DB03822","CCOP(O)(O)=O",379
"DB03904","NC(N)=O",362
"DB03929","N[C@H](CO)C(O)=O",505
"DB04250","CCCC(=O)SCC[N+](C)(C)C",369
"DB04272","OC(=O)CC(O)(CC(O)=O)C(O)=O",301
"DB04365","COC(=O)C1=CCCN(C)C1",146
"DB04552","OC(=O)C1=C(NC2=CC=CC(=C2)C(F)(F)F)N=CC=C1",588
"DB04557","CCCCC\C=C/C\C=C/C\C=C/C\C=C/CCCC(O)=O",541
"DB04599","COC1=CC=C(C=C1)C(=O)N1CCCC1=O",418
"DB04620","NC1(CCCC1)C(O)=O",504
"DB04707","OC1=C2C=CC=C(C2=CC=N1)S(=O)(=O)N1CCCNCC1",639
"DB04743","CS(=O)(=O)NC1=C(OC2=CC=CC=C2)C=C(C=C1)[N+]([O-])=O",629
"DB04817","[Na+].CN(CS([O-])(=O)=O)C1=C(C)N(C)N(C1=O)C1=CC=CC=C1",580
"DB04840","NC(=N)N1CCC2=CC=CC=C2C1",647
"DB04842","FC1=CC=C(C=C1)C(CCCN1CCC2(CC1)N(CNC2=O)C1=CC=CC=C1)C1=CC=C(F)C=C1",69
"DB04843","C[N+]1(C)CCCC(C1)OC(=O)C(O)(C1=CC=CC=C1)C1=CC=CC=C1",173
"DB04844","COC1=C(OC)C=C2C3CC(=O)C(CC(C)C)CN3CCC2=C1",434
"DB04846","CCN(CC)C(=O)NC1=CC=C(OCC(O)CNC(C)(C)C)C(=C1)C(C)=O",267
"DB04853","OC[C@H]1O[C@H]([C@H](O)[C@@H]1O)N1C=NC2=C(N)N=C(N\N=C\C3CCCCC3)N=C12",108
"DB04855","CCCCN(CCCC)CCCOC1=CC=C(C=C1)C(=O)C1=C(CCCC)OC2=C1C=C(NS(C)(=O)=O)C=C2",213
"DB04857","[H][C@@]12CC[C@@]([H])(N1C)[C@]([H])(\C=N\OC)[C@H](C2)C1=CC(Cl)=C(Cl)C=C1",423
"DB04861","OC(CNCC(O)C1CCC2=C(O1)C=CC(F)=C2)C1CCC2=C(O1)C=CC(F)=C2",276
"DB04871","C[C@H]1CNCCC2=CC=C(Cl)C=C12",90
"DB04880","CSC1=CC=C(C=C1)C(=O)C1=C(C)NC(=O)N1",516
"DB04883","COC1=CC(OC)=NC(O[C@H](C(O)=O)C(OC)(C2=CC=CC=C2)C2=CC=CC=C2)=N1",439
"DB04888","O=C1NC2=C(O1)C(=CC=C2)N1CCN(CC2=CC(=CC=C2)C2=CC=CC=C2)CC1",421
"DB04889","CC1=CC=C(C=C1)C12CC1CNC2",420
"DB04892","[H][C@]12N(C)CC[C@@]1(C)C1=C(C=CC(OC(=O)NC3=CC=CC=C3)=C1)N2C",392
"DB04896","CCN(CC)C(=O)[C@@]1(C[C@@H]1CN)C1=CC=CC=C1",494
"DB04908","FC(F)(F)C1=CC(=CC=C1)N1CCN(CCN2C(=O)NC3=CC=CC=C23)CC1",24
"DB04920","CCCC(=O)OCOC(=O)C1=C(C)NC(C)=C(C1C1=CC=CC(Cl)=C1Cl)C(=O)OC",335
"DB04924","COC1=C(OC)C=C(C=C1)C(=O)NCC1=CC=C(OCCN(C)C)C=C1",426
"DB04930","CC1(C)C(C=C(Cl)Cl)C1C(=O)OCC1=CC(OC2=CC=CC=C2)=CC=C1",666
"DB04946","COC1=C(OCCCN2CCC(CC2)C2=NOC3=C2C=CC(F)=C3)C=CC(=C1)C(C)=O",25
"DB04948","CC(OC1=C(Cl)C=CC=C1Cl)C1=NCCN1",257
"DB04954","OC[C@H]1O[C@H]([C@H](O)[C@@H]1O)N1C=NC2=C(N[C@@H]3CCOC3)N=CN=C12",103
"DB05009","CCNC(=O)[C@H]1O[C@H]([C@H](O)[C@@H]1O)N1C=NC2=C1N=C(N=C2N)C#CC[C@H]1CC[C@@H](CC1)C(=O)OC",106
"DB05039","CCC1=C(CC)C=C2CC(CC2=C1)NC[C@H](O)C1=C2C=CC(=O)NC2=C(O)C=C1",285
"DB05109","[H][C@@]12[C@@H]3SC[C@]4(NCCC5=C4C=C(OC)C(O)=C5)C(=O)OC[C@H](N1[C@@H](O)[C@@H]1CC4=CC(C)=C(OC)C(O)=C4[C@H]2N1C)C1=C2OCOC2=C(C)C(OC(C)=O)=C31",611
"DB05266","CC(C)C(=O)C1=C2C=CC=CN2N=C1C(C)C",517
"DB05271","CCCN(CCC1=CC=CS1)[C@H]1CCC2=C(O)C=CC=C2C1",49
"DB05294","COC1=C(OCC2CCN(C)CC2)C=C2N=CN=C(NC3=C(F)C=C(Br)C=C3)C2=C1",712
"DB05316","CC(C)COC1=CC=C(CNC(=O)N(CC2=CC=C(F)C=C2)C2CCN(C)CC2)C=C1",429
"DB05327","FC1=C(CN2C(=O)C3=CC=CN3[C@@]3(CC(=O)NC3=O)C2=O)C=CC(Br)=C1",300
"DB05383","NNC(N)=N",309
"DB05434","CCC[C@H](NC(=O)[C@@H](NC(=O)[C@H](NC(=O)[C@@H](NC(=O)CNC(=O)CN(C)C(C)=O)C(C)C)[C@@H](C)CC)[C@@H](C)O)C(=O)N[C@@H]([C@@H](C)CC)C(=O)N[C@@H](CCCN=C(N)N)C(=O)N1CCC[C@H]1C(=O)NCC",703
"DB05492","CC1=CC(=C(NCCCN)C=C1)[N+]([O-])=O",245
"DB05676","[H][C@](CS(C)(=O)=O)(N1C(=O)C2=C(C1=O)C(=CC=C2)N=C(C)O)C1=CC(OCC)=C(OC)C=C1",520
"DB05824","CSC1=CC(\N=C(/N)N(C)C2=CC(SC)=CC=C2)=C(Cl)C=C1",503
"DB06016","CN(C)C(=O)N[C@H]1CC[C@H](CCN2CCN(CC2)C2=C(Cl)C(Cl)=CC=C2)CC1",14
"DB06077","[H][C@]12CCN(CCCC(=O)C3=CC=C(F)C=C3)C[C@@]1([H])C1=CC=CC3=C1N2CCN3C",427
"DB06144","FC1=CC=C(C=C1)N1C=C(C2CCN(CCN3CCNC3=O)CC2)C2=C1C=CC(Cl)=C2",81
"DB06148","CN1CCN2C(C1)C1=CC=CC=C1CC1=CC=CC=C21",32
"DB06151","CC(=O)N[C@@H](CS)C(O)=O",486
"DB06201","NC(=O)C1=CN(CC2=C(F)C=CC=C2F)N=N1",694
"DB06204","CC[C@H]([C@@H](C)CN(C)C)C1=CC(O)=CC=C1",663
"DB06207","C[C@H](CC1=CC2=C(N(CCCO)CC2)C(=C1)C(N)=O)NCCOC1=CC=CC=C1OCC(F)(F)F",236
"DB06213","CNC(=O)C1=CN(N=C1)C1=NC2=C(N=CN2[C@@H]2O[C@H](CO)[C@@H](O)[C@H]2O)C(N)=N1",110
"DB06216","OC(=O)\C=C/C(O)=O.CN1CC2C(C1)C1=C(OC3=CC=CC=C23)C=CC(Cl)=C1",8
"DB06218","COC[C@@H](NC(C)=O)C(=O)NCC1=CC=CC=C1",672
"DB06237","COC1=C(Cl)C=C(CNC2=C(C=NC(=N2)N2CCC[C@H]2CO)C(=O)NCC2=NC=CC=N2)C=C1",525
"DB06262","N[C@@H]([C@H](O)C1=CC(O)=C(O)C=C1)C(O)=O",215
"DB06267","CCCOC1=C(C=C(C=C1)S(=O)(=O)NCCC1CCCN1C)C1=NC(=O)C2=C(N1)C(CCC)=NN2C",526
"DB06268","CC1=NOC(NS(=O)(=O)C2=C(SC=C2)C(=O)CC2=CC3=C(OCO3)C=C2C)=C1Cl",442
"DB06288","CCN1CCCC1CNC(=O)C1=CC(=C(N)C=C1OC)S(=O)(=O)CC",59
"DB06403","COC([C@H](OC1=NC(C)=CC(C)=N1)C(O)=O)(C1=CC=CC=C1)C1=CC=CC=C1",437
"DB06412","[H][C@@]12CC[C@](C)(O)[C@@]1(C)CC[C@@]1([H])[C@@]2([H])CC[C@@]2([H])CC(=O)\C(C[C@]12C)=C/O",321
"DB06471","[H][C@]12O[C@@]1([H])[C@@]1([H])C[C@]2([H])C[C@@H]1C1=NC2=C(N1)N(CCC)C(=O)C(CCC)C2=O",100
"DB06594","COC1=CC2=C(C=CC=C2CCNC(C)=O)C=C1",87
"DB06623","CCOC(=O)NC1=C(N)N=C(NCC2=CC=C(F)C=C2)C=C1",254
"DB06684","NC(=O)C1=CC2=C(O1)C=CC(=C2)N1CCN(CCCCC2=CNC3=C2C=C(C=C3)C#N)CC1",54
"DB06694","CC1=CC(=CC(C)=C1CC1=NCCN1)C(C)(C)C",242
"DB06700","CN(C)CC(C1=CC=C(O)C=C1)C1(O)CCCCC1",648
"DB06701","COC(=O)[C@@H]([C@H]1CCCCN1)C1=CC=CC=C1",649
"DB06702","CC(C)N(CC[C@H](C1=CC=CC=C1)C1=C(OC(=O)C(C)C)C=CC(CO)=C1)C(C)C",167
"DB06704","NC(N)=NCC1=CC(I)=CC=C1",655
"DB06706","CNC(C)CCC=C(C)C",218
"DB06707","C[C@H](N)[C@H](O)C1=CC(O)=C(O)C=C1",220
"DB06709","CC(C[N+](C)(C)C)OC(C)=O",203
"DB06711","C(C1=NCCN1)C1=CC=CC2=CC=CC=C12",225
"DB06712","COC(=O)C1=C(NC(C)=C(C1C1=CC(=CC=C1)[N+]([O-])=O)C(=O)OC(C)C)C#N",342
"DB06725","CN1C(C(=O)NC2=CC=CC=N2)=C(O)C2=C(C=C(Cl)S2)S1(=O)=O",573
"DB06736","OC(=O)COC(=O)CC1=CC=CC=C1NC1=C(Cl)C=CC=C1Cl",536
"DB06737","CC(C(O)=O)C1=CC=C2SC3=C(C=CC=C3)C(=O)CC2=C1",616
"DB06738","CCC(=O)C1(CCN(C)CC1)C1=CC(O)=CC=C1",492
"DB06741","OC(=O)C1=C(\C=C\C(=O)NC2=CC=CC=C2)C2=C(Cl)C=C(Cl)C=C2N1",489
"DB06751","CCOC1=C(OCC)C=C(\C=C2/NCCC3=CC(OCC)=C(OCC)C=C23)C=C1",336
"DB06756","C[N+](C)(C)CC([O-])=O",381
"DB06764","C1CN=C(N1)C1CCCC2=CC=CC=C12",239
"DB06774","COC1=C(O)C=CC(CNC(=O)CCCC\C=C\C(C)C)=C1",314
"DB06781","[H][C@@]12CC[C@](OC(=O)CCC)(C(=O)COC(C)=O)[C@@]1(C)C[C@H](O)[C@@]1(F)[C@@]2([H])C[C@H](F)C2=CC(=O)C=C[C@]12C",457
"DB06795","NCC1=CC=C(C=C1)S(N)(=O)=O",363
"DB06802","NC(=O)CC1=CC=CC(C(=O)C2=CC=CC=C2)=C1N",587
"DB06804","CCCCCCCCCC1=CC=C(OCCOCCOCCOCCOCCOCCOCCOCCOCCO)C=C1",630
"DB07028","OC(=O)COC1=CC(Cl)=CC=C1C(=O)NCC1=C(F)C=C(Br)C=C1",293
"DB07030","OC(=O)COC1=CC(Cl)=CC=C1C(=O)NCC1=CC(=CC=C1)[N+]([O-])=O",294
"DB07049","[H][C@@]1(C)CN(CCN1S(=O)(=O)C1=CC=C(C=C1)C(C)(C)C)C1=CC=C(C=C1)[N+]([O-])=O",403
"DB07139","OC(=O)CCC1=CC=C(S1)C1=CC(=CC=C1)[N+]([O-])=O",296
"DB07187","CC1=C(OC2=CC=C(Cl)C=C12)S(=O)(=O)C1=NNC(=O)C=C1",297
"DB07681","CCCCCCCCCCCCS([O-])(=O)=O",376
"DB07876","[H][C@]1(C)CNCCCN1S(=O)(=O)C1=C2C(C)=CN=CC2=CC=C1",638
"DB07981","CC[C@H](CO)NC(=O)CC1=C(C)N(C(=O)C2=CC=C(Cl)C=C2)C2=CC=C(OC)C=C12",533
"DB07983","COC1=CC=C2N(C(=O)C3=CC=C(I)C=C3)C(C)=C(CC(O)=O)C2=C1",532
"DB07984","CC[C@@H](CO)NC(=O)CC1=C(C)N(C(=O)C2=CC=C(Cl)C=C2)C2=C1C=C(OC)C=C2",534
"DB08084","OC(=O)COC1=CC(F)=CC=C1C(=S)NCC1=CC=C(Br)C=C1F",305
"DB08200","CCCCCCP(O)(=O)O[C@@H]1C[C@H](C)CC[C@H]1C(C)C",364
"DB08201","CCCCCCP(O)(=O)O[C@H]1C[C@@H](C)CC[C@@H]1C(C)C",365
"DB08439","CCC(=O)NS(=O)(=O)C1=CC=C(C=C1)C1=C(C)ON=C1C1=CC=CC=C1",631
"DB08658","CCO[P@](O)(=O)N(CC)CC",380
"DB08756","[H][C@](C)(N)[C@@]1([H])CC[C@@]([H])(CC1)C(=O)NC1=CC=NC=C1",637
"DB08801","CC(C1=C(CCN(C)C)CC2=CC=CC=C12)C1=CC=CC=N1",199
"DB08804","CCCCCCCCCC(=O)O[C@H]1CC[C@H]2[C@@H]3CCC4=CC(=O)CC[C@@H]4[C@H]3CC[C@]12C",320
"DB08807","CC1=CC2=C(N1)C=CC=C2OCC(CNC(C)(C)C)OC(=O)C1=CC=CC=C1",9
"DB08810","CCOC1=CC(N)=C(C=C1C(=O)NC1CCN(CC2CCC=CC2)CC1)[N+]([O-])=O",16
"DB08811","CCC1C2=CC(OC)=C(OC)C=C2C(=NN=C1C)C1=CC(OC)=C(OC)C=C1",509
"DB08814","CC(=O)OC1=C(C=CC(=C1)C(F)(F)F)C(O)=O",510
"DB08815","O=C1[C@H]2[C@@H]3CC[C@@H](C3)[C@H]2C(=O)N1C[C@@H]1CCCC[C@H]1CN1CCN(CC1)C1=NSC2=CC=CC=C12",30
"DB08818","CC(=O)N[C@H]1[C@H](O)O[C@H](CO)[C@@H](O)C1O[C@@H]1O[C@@H]([C@@H](O[C@@H]2O[C@H](CO)[C@@H](O)C(O[C@@H]3O[C@@H]([C@@H](O)[C@H](O)[C@H]3O)C(O)=O)[C@H]2NC(C)=O)[C@H](O)[C@H]1O)C(O)=O",482
"DB08838","NCCCCNC(N)=N",502
"DB08867","CN(C)C1=CC=C(C=C1)[C@H]1C[C@@]2(C)[C@@H](CC[C@]2(O)C(C)=O)[C@@H]2CCC3=CC(=O)CCC3=C12",481
"DB08897","OC(C(=O)O[C@H]1C[N+]2(CCCOC3=CC=CC=C3)CCC1CC2)(C1=CC=CS1)C1=CC=CS1",142
"DB08906","[H][C@@]12C[C@@H](C)[C@](OC(=O)C3=CC=CO3)(C(=O)SCF)[C@@]1(C)C[C@H](O)[C@@]1(F)[C@@]2([H])C[C@H](F)C2=CC(=O)C=C[C@]12C",466
"DB08910","NC1=CC=CC2=C1C(=O)N(C1CCC(=O)NC1=O)C2=O",632
"DB08912","CC(C)(C)C1=NC(=C(S1)C1=NC(N)=NC=C1)C1=C(F)C(NS(=O)(=O)C2=C(F)C=CC=C2F)=CC=C1",484
"DB08918","CCN(CC)C(=O)[C@]1(C[C@H]1CN)C1=CC=CC=C1",656
"DB08932","CCCNS(=O)(=O)NC1=C(C(OCCOC2=NC=C(Br)C=N2)=NC=N1)C1=CC=C(Br)C=C1",440
"DB08954","CC(C(O)C1=CC=C(O)C=C1)N1CCC(CC2=CC=CC=C2)CC1",500
"DB08996","CN(C)CCCN1C2=CC=CC=C2C(C)(C)C2=CC=CC=C12",115
"DB09014","CCCCSC1=CC=C(C=C1)C(SCCN(C)C)C1=CC=CC=C1",88
"DB09016","CC(CC1C2=CC=CC=C2CCC2=CC=CC=C12)CN(C)C",60
"DB09018","CCN(CC)CCN=C(O)C1=C(OC)C=C(N)C(Br)=C1",424
"DB09026","COCCCOC1=C(OC)C=CC(C[C@@H](C[C@H](N)[C@@H](O)C[C@@H](C(C)C)C(=O)NCC(C)(C)C(N)=O)C(C)C)=C1",635
"DB09068","CC1=CC=C(SC2=CC=CC=C2N2CCNCC2)C(C)=C1",55
"DB09076","OC(C1=CC=CC=C1)(C1=CC=CC=C1)C12CC[N+](CCOCC3=CC=CC=C3)(CC1)CC2",197
"DB09080","COC1=CC=C(CC(C)(C)NC[C@H](O)C2=C3OCC(=O)NC3=CC(O)=C2)C=C1",286
"DB09082","[H][C@](O)(CNCCCCCCOCCOCC1=C(Cl)C=CC=C1Cl)C1=CC(CO)=C(O)C=C1",292
"DB09128","O=C1NC2=CC(OCCCCN3CCN(CC3)C3=C4C=CSC4=CC=C3)=CC=C2C=C1",10
"DB09202","[H]N1CCN=C1COC1=CC=CC=C1C1CC1",244
"DB09207","[H]N(C)C1=C(Br)C=C(C(=O)N([H])[C@@H]2CN(C)CCN(CC)C2)C(OC)=C1",419
"DB13025","CCN(CC)CCN=C(O)C1=C(OC)C=CC(=C1)S(C)(=O)=O",247
